ym,portcalls_tanker,E_Mt,I_Mt,net_Mt
201901,6,0.0592,0.0395,0.0198
201902,2,0.0071,0.0,0.0071
201903,4,0.125,0.0194,0.1056
201904,8,0.5073,0.0643,0.4429
201905,9,0.328,0.0911,0.2369
201906,6,0.0532,0.0079,0.0453
201907,6,0.093,0.0026,0.0904
201908,5,0.0901,0.1008,-0.0107
201909,4,0.0,0.0,0.0
201910,4,0.0618,0.0,0.0618
201911,1,0.0,0.0,0.0
201912,0,0.0,0.0,0.0
202001,0,0.0,0.0,0.0
202002,3,0.0928,0.0067,0.0861
202003,5,0.1443,0.0134,0.1309
202004,1,0.0,0.0,0.0
202005,3,0.0127,0.0,0.0127
202006,4,0.0,0.012,-0.012
202007,3,0.0,0.0,0.0
202008,8,0.152,0.0034,0.1486
202009,6,0.1414,0.0026,0.1388
202010,8,0.1148,0.0079,0.1069
202011,1,0.0399,0.0,0.0399
202012,3,0.041,0.0426,-0.0016
202101,4,0.1174,0.0307,0.0867
202102,5,0.1125,0.0881,0.0244
202103,9,0.1502,0.0264,0.1239
202104,6,0.0415,0.0034,0.0381
202105,5,0.0484,0.0321,0.0163
202106,7,0.1651,0.0255,0.1396
202107,7,0.1968,0.0288,0.168
202108,7,0.111,0.0194,0.0916
202109,4,0.1607,0.097,0.0637
202110,3,0.0371,0.0818,-0.0446
202111,3,0.0272,0.006,0.0213
202112,2,0.0383,0.0067,0.0316
202201,4,0.3226,0.0797,0.2429
202202,5,0.1358,0.0288,0.107
202203,7,0.1117,0.006,0.1057
202204,2,0.0261,0.0026,0.0235
202205,2,0.0,0.0,0.0
202206,3,0.1545,0.0281,0.1264
202207,2,0.0859,0.0,0.0859
202208,5,0.1424,0.0052,0.1371
202209,5,0.1095,0.0079,0.1017
202210,5,0.2344,0.0281,0.2063
202211,7,0.2015,0.0261,0.1754
202212,10,0.292,0.0294,0.2626
202301,8,0.199,0.0372,0.1618
202302,7,0.1414,0.0386,0.1029
202303,14,0.3539,0.024,0.3299
202304,12,0.1875,0.0235,0.164
202305,12,0.2855,0.053,0.2325
202306,15,0.2967,0.0201,0.2766
202307,10,0.4439,0.0864,0.3575
202308,11,0.4583,0.0958,0.3625
202309,14,0.5396,0.1032,0.4364
202310,9,0.3612,0.0643,0.2969
202311,4,0.0559,0.0477,0.0082
202312,4,0.0574,0.0101,0.0474
202401,8,0.1778,0.0322,0.1456
202402,6,0.082,0.0,0.082
202403,11,0.5005,0.1052,0.3953
202404,6,0.1087,0.0034,0.1054
202405,7,0.1862,0.0255,0.1608
202406,3,0.0335,0.0,0.0335
202407,3,0.057,0.0034,0.0536
202408,137,6.1945,1.6638,4.5308
202409,8,0.1389,0.0067,0.1322
202410,82,4.0985,0.9552,3.1433
202411,4,0.0548,0.0034,0.0514
202412,7,0.0381,0.0712,-0.0331
202501,7,0.0382,0.0,0.0382
202502,6,0.0356,0.0026,0.033
202503,7,0.0409,0.0,0.0409
202504,9,0.1505,0.0067,0.1438
202505,12,0.5117,0.036,0.4757
202506,677,42.808,7.6028,35.2053
202507,346,21.3941,4.8042,16.5899
202508,114,5.9289,1.5999,4.3291
202509,91,4.5302,1.1503,3.3799
202510,262,12.6255,3.4551,9.1704
202511,13,0.5194,0.3086,0.2108
202512,0,0.0,0.0,0.0
202601,5,0.1579,0.1859,-0.0281
202602,140,8.6132,2.2756,6.3377
202603,74,3.6094,0.9698,2.6396
202604,9,0.5308,0.1291,0.4017
202605,67,2.8308,0.9555,1.8753
202606,0,0.0,0.0,0.0
202607,2,0.0271,0.0018,0.0253
202608,2,0.025,0.0438,-0.0188
202609,6,0.4613,0.1036,0.3577
