ym,E_Mt,I_Mt,net_Mt,C_Mt,rho,n_transits,calls,port_days
201901,37.306173,2.438904,34.867269,49.114941,0.709912,1078,813,31
201902,35.623,1.836653,33.786347,35.776369,0.944376,1001,695,28
201903,37.402962,2.056359,35.346603,47.910008,0.737771,1187,738,31
201904,43.082746,2.434211,40.648535,55.296297,0.735104,1231,897,30
201905,50.700335,2.312217,48.388118,70.470153,0.686647,1423,994,31
201906,51.788211,3.38952,48.398691,72.919665,0.663726,1491,1096,30
201907,53.454879,3.577763,49.877116,73.212715,0.681263,1489,1130,31
201908,53.782795,3.26609,50.516705,74.332705,0.679603,1491,1119,31
201909,50.245296,3.552414,46.692882,68.529346,0.681356,1385,1079,30
201910,51.081216,4.372429,46.708787,71.279965,0.655286,1396,1085,31
201911,36.748051,3.513278,33.234773,39.195878,0.847915,1054,825,30
201912,35.154269,4.32506,30.829209,38.78674,0.794839,1099,840,31
202001,35.049968,3.708925,31.341043,36.102868,0.868104,1112,848,31
202002,35.134686,2.781462,32.353224,45.639797,0.708882,1061,816,29
202003,45.724679,2.938269,42.78641,52.065935,0.821774,1122,909,31
202004,54.28778,3.233823,51.053957,69.889879,0.730491,1322,1023,30
202005,49.055592,2.854028,46.201564,80.068744,0.577024,1511,1006,31
202006,45.89965,3.493351,42.406299,72.432443,0.58546,1572,1027,30
202007,45.220592,3.189581,42.031011,76.410305,0.55007,1612,1075,31
202008,46.771949,4.214908,42.557041,75.185193,0.56603,1604,1118,31
202009,46.172976,4.219973,41.953003,70.103999,0.59844,1533,1080,30
202010,45.990371,3.898542,42.091829,71.682764,0.587196,1614,1074,31
202011,32.161864,3.166991,28.994873,44.126835,0.65708,1209,822,30
202012,32.246945,3.017853,29.229092,42.837165,0.68233,1188,742,31
202101,29.76273,3.673716,26.089014,51.171109,0.509839,1282,789,31
202102,34.769988,3.504979,31.265009,53.93091,0.579723,1199,850,28
202103,49.097961,3.717075,45.380886,62.049346,0.731368,1375,1088,31
202104,47.537134,3.54338,43.993754,75.692027,0.58122,1562,1048,30
202105,50.672577,4.419014,46.253563,77.781777,0.594658,1626,1128,31
202106,49.686047,4.458327,45.22772,81.827239,0.552722,1677,1140,30
202107,55.446851,4.530611,50.91624,80.275552,0.634268,1693,1149,31
202108,54.901962,4.670686,50.231276,78.387963,0.640803,1583,1163,31
202109,57.48789,5.651928,51.835962,78.156656,0.663232,1591,1190,30
202110,54.780826,4.367717,50.413109,79.029112,0.637906,1557,1209,31
202111,47.055516,3.588242,43.467274,74.967243,0.579817,1531,1051,30
202112,46.795637,4.829492,41.966145,80.580756,0.520796,1553,1110,31
202201,45.478797,4.292214,41.186583,83.883415,0.490998,1587,1077,31
202202,49.251093,5.134131,44.116962,81.257983,0.542925,1628,1115,28
202203,50.365417,5.661773,44.703644,91.72353,0.487374,1787,1264,31
202204,57.686952,5.040497,52.646455,94.45703,0.557359,1885,1218,30
202205,54.650298,5.422807,49.227491,87.359139,0.563507,1844,1219,31
202206,56.727447,5.426913,51.300534,90.135657,0.569148,1829,1240,30
202207,60.188366,5.75252,54.435846,94.525317,0.575886,1835,1292,31
202208,65.172771,5.823568,59.349203,94.770089,0.626244,1920,1402,31
202209,58.741573,5.811409,52.930164,88.733995,0.596504,1809,1282,30
202210,56.790802,5.607579,51.183223,93.022359,0.550225,1913,1324,31
202211,44.43596,5.402223,39.033737,80.290291,0.486158,1541,1103,30
202212,39.473575,4.699726,34.773849,75.397513,0.461207,1492,1055,31
202301,36.903252,4.726194,32.177058,75.353288,0.427016,1423,1002,31
202302,46.455493,6.203676,40.251817,73.722026,0.545994,1472,1168,28
202303,54.617199,5.996851,48.620348,79.652443,0.610406,1606,1339,31
202304,55.57078,5.981279,49.589501,86.323439,0.574462,1749,1286,30
202305,55.312796,6.728696,48.5841,92.743162,0.523856,1929,1397,31
202306,51.089391,6.016081,45.07331,92.887915,0.485244,1811,1261,30
202307,54.985625,5.845798,49.139827,93.114267,0.527737,1920,1303,31
202308,57.390663,7.081847,50.308816,88.509485,0.5684,1934,1418,31
202309,54.95992,6.866636,48.093284,84.509509,0.569087,1830,1421,30
202310,51.159661,6.378848,44.780813,82.546968,0.542489,1769,1375,31
202311,30.069335,5.213245,24.85609,65.934578,0.376981,1413,966,30
202312,36.401239,5.867848,30.533391,66.843659,0.456788,1393,1089,31
202401,37.66065,5.046349,32.614301,68.813483,0.473952,1368,1093,31
202402,30.319474,4.972688,25.346786,59.8995,0.423155,1222,979,29
202403,55.880808,6.883703,48.997105,85.12293,0.575604,1729,1398,31
202404,50.186639,5.11618,45.070459,84.136377,0.535683,1799,1311,30
202405,54.310869,6.463548,47.847321,90.4166,0.529187,1920,1406,31
202406,48.448569,5.692519,42.75605,84.18225,0.507899,1852,1390,30
202407,47.698448,5.942095,41.756353,87.676646,0.476254,1909,1382,31
202408,52.237745,7.636612,44.601133,79.764952,0.559157,1693,1447,31
202409,49.333818,6.108168,43.22565,80.686135,0.535726,1790,1332,30
202410,48.881364,6.152839,42.728525,70.874724,0.602874,1561,1335,31
202411,43.68242,4.971564,38.710856,69.952123,0.553391,1405,1140,30
202412,47.007235,4.307707,42.699528,54.149043,0.788556,1230,1087,31
202501,41.381062,5.115281,36.265781,57.002554,0.636213,1235,1063,31
202502,39.527542,4.782858,34.744684,50.37036,0.689784,1155,945,28
202503,46.256874,5.699278,40.557596,69.694147,0.581937,1492,1258,31
202504,45.439445,5.778101,39.661344,81.255871,0.488104,1729,1191,30
202505,39.760563,5.332687,34.427876,81.499959,0.422428,1797,1149,31
202506,81.737626,13.092694,68.644932,81.88488,0.83831,1725,1801,30
202507,68.469409,10.077932,58.391477,80.343853,0.72677,1681,1514,31
202508,60.448809,7.130664,53.318145,80.061209,0.665967,1647,1471,31
202509,54.856831,7.399857,47.456974,64.52578,0.735473,1495,1354,30
202510,64.301618,9.355007,54.946611,74.371968,0.738808,1534,1483,31
202511,46.347887,5.509997,40.83789,54.734897,0.746103,1152,1132,30
202512,38.596438,5.136289,33.460149,46.501126,0.719556,943,998,31
202601,44.314091,5.17746,39.136631,45.474176,0.860634,965,1044,31
202602,55.749737,7.413728,48.336009,56.648511,0.853262,1217,1315,28
202603,16.190076,3.207414,12.982662,0.835861,15.532082,29,461,31
202604,3.913654,1.918873,1.994781,2.389975,0.834645,95,306,30
202605,5.855318,3.170333,2.684985,2.385606,1.125494,40,355,31
202606,9.020824,4.42103,4.599794,8.363216,0.550003,162,423,30
202607,8.865265,3.090127,5.775138,8.58807,0.672461,148,437,31
202608,5.511767,2.859745,2.652022,0.498281,5.322342,58,344,31
202609,5.242078,2.273138,2.96894,0.367163,8.086163,26,292,25
