portset,start,end,net_Mt,C_Mt,L_Mt
all45,202603,202603,12.983,0.836,12.147
all45,202603,202604,14.977,3.226,11.752
all45,202603,202605,17.662,5.611,12.051
all45,202603,202606,22.262,13.975,8.288
all45,202603,202607,28.037,22.563,5.475
all45,202603,202608,30.689,23.061,7.628
all45,202603,202609,33.658,23.428,10.23
all45,202604,202604,1.995,2.39,-0.395
all45,202604,202605,4.68,4.776,-0.096
all45,202604,202606,9.28,13.139,-3.859
all45,202604,202607,15.055,21.727,-6.672
all45,202604,202608,17.707,22.225,-4.518
all45,202604,202609,20.676,22.592,-1.917
all45,202605,202605,2.685,2.386,0.299
all45,202605,202606,7.285,10.749,-3.464
all45,202605,202607,13.06,19.337,-6.277
all45,202605,202608,15.712,19.835,-4.123
all45,202605,202609,18.681,20.202,-1.521
all45,202606,202606,4.6,8.363,-3.763
all45,202606,202607,10.375,16.951,-6.576
all45,202606,202608,13.027,17.45,-4.423
all45,202606,202609,15.996,17.817,-1.821
all45,202607,202607,5.775,8.588,-2.813
all45,202607,202608,8.427,9.086,-0.659
all45,202607,202609,11.396,9.454,1.943
all45,202608,202608,2.652,0.498,2.154
all45,202608,202609,5.621,0.865,4.756
all45,202609,202609,2.969,0.367,2.602
excl_BandarEPars,202603,202603,10.343,0.836,9.507
excl_BandarEPars,202603,202604,11.936,3.226,8.71
excl_BandarEPars,202603,202605,12.746,5.611,7.134
excl_BandarEPars,202603,202606,17.346,13.975,3.371
excl_BandarEPars,202603,202607,23.095,22.563,0.533
excl_BandarEPars,202603,202608,25.766,23.061,2.705
excl_BandarEPars,202603,202609,28.377,23.428,4.949
excl_BandarEPars,202604,202604,1.593,2.39,-0.797
excl_BandarEPars,202604,202605,2.403,4.776,-2.373
excl_BandarEPars,202604,202606,7.002,13.139,-6.136
excl_BandarEPars,202604,202607,12.752,21.727,-8.975
excl_BandarEPars,202604,202608,15.423,22.225,-6.802
excl_BandarEPars,202604,202609,18.034,22.592,-4.558
excl_BandarEPars,202605,202605,0.81,2.386,-1.576
excl_BandarEPars,202605,202606,5.409,10.749,-5.339
excl_BandarEPars,202605,202607,11.159,19.337,-8.178
excl_BandarEPars,202605,202608,13.83,19.835,-6.005
excl_BandarEPars,202605,202609,16.441,20.202,-3.761
excl_BandarEPars,202606,202606,4.6,8.363,-3.763
excl_BandarEPars,202606,202607,10.35,16.951,-6.602
excl_BandarEPars,202606,202608,13.02,17.45,-4.429
excl_BandarEPars,202606,202609,15.632,17.817,-2.185
excl_BandarEPars,202607,202607,5.75,8.588,-2.838
excl_BandarEPars,202607,202608,8.421,9.086,-0.666
excl_BandarEPars,202607,202609,11.032,9.454,1.578
excl_BandarEPars,202608,202608,2.671,0.498,2.173
excl_BandarEPars,202608,202609,5.282,0.865,4.417
excl_BandarEPars,202609,202609,2.611,0.367,2.244
excl_Iran,202603,202603,10.213,0.836,9.377
excl_Iran,202603,202604,11.644,3.226,8.418
excl_Iran,202603,202605,12.421,5.611,6.81
excl_Iran,202603,202606,16.509,13.975,2.535
excl_Iran,202603,202607,22.225,22.563,-0.337
excl_Iran,202603,202608,25.041,23.061,1.98
excl_Iran,202603,202609,27.638,23.428,4.21
excl_Iran,202604,202604,1.431,2.39,-0.959
excl_Iran,202604,202605,2.209,4.776,-2.567
excl_Iran,202604,202606,6.297,13.139,-6.842
excl_Iran,202604,202607,12.013,21.727,-9.714
excl_Iran,202604,202608,14.828,22.225,-7.397
excl_Iran,202604,202609,17.425,22.592,-5.167
excl_Iran,202605,202605,0.777,2.386,-1.608
excl_Iran,202605,202606,4.866,10.749,-5.883
excl_Iran,202605,202607,10.582,19.337,-8.755
excl_Iran,202605,202608,13.397,19.835,-6.438
excl_Iran,202605,202609,15.994,20.202,-4.208
excl_Iran,202606,202606,4.088,8.363,-4.275
excl_Iran,202606,202607,9.804,16.951,-7.147
excl_Iran,202606,202608,12.62,17.45,-4.83
excl_Iran,202606,202609,15.216,17.817,-2.6
excl_Iran,202607,202607,5.716,8.588,-2.872
excl_Iran,202607,202608,8.532,9.086,-0.555
excl_Iran,202607,202609,11.128,9.454,1.675
excl_Iran,202608,202608,2.816,0.498,2.317
excl_Iran,202608,202609,5.412,0.865,4.547
excl_Iran,202609,202609,2.597,0.367,2.229
